                  epoch,         train/box_loss,         train/cls_loss,         train/dfl_loss,   metrics/precision(B),      metrics/recall(B),       metrics/mAP50(B),    metrics/mAP50-95(B),           val/box_loss,           val/cls_loss,           val/dfl_loss,                 lr/pg0,                 lr/pg1,                 lr/pg2
                      1,                 1.1808,                 2.8667,                 1.5531,                0.35738,                0.43088,                0.33142,                0.24144,                 1.1384,                 2.4809,                 1.4894,                0.07075,                0.00325,                0.00325
                      2,                0.96341,                 1.7693,                 1.3395,                0.33015,                0.39763,                  0.247,                0.17206,                 1.1863,                 2.5244,                 1.5517,               0.037491,              0.0033246,              0.0033246
